{
  "project_info": {
    "project_number": "464149385940",
    "project_id": "cityislamabad-8c14c",
    "storage_bucket": "cityislamabad-8c14c.appspot.com"
  },
  "client": [
    {
      "client_info": {
        "mobilesdk_app_id": "1:464149385940:android:62f1686c33df1544022141",
        "android_client_info": {
          "package_name": "com.cityislamabad.cityislamabad"
        }
      },
      "oauth_client": [
        {
          "client_id": "464149385940-6ruqoah3j8gb1lu13r87jo7pebckkqck.apps.googleusercontent.com",
          "client_type": 3
        }
      ],
      "api_key": [
        {
          "current_key": "AIzaSyAoJie2uM7br-9vfN2S4A62rm8JGQCsOeQ"
        }
      ],
      "services": {
        "appinvite_service": {
          "other_platform_oauth_client": [
            {
              "client_id": "464149385940-6ruqoah3j8gb1lu13r87jo7pebckkqck.apps.googleusercontent.com",
              "client_type": 3
            }
          ]
        }
      }
    }
  ],
  "configuration_version": "1"
}